Status,Updated On,dateModified,URL
"✅","Apr 10, 2025","2025-04-10","https://www.kotaklife.com/insurance-guide/about-life-insurance/life-insurance-protection-plans-secures-your-family"
"✅","Nov 28, 2024","2024-11-28","https://www.kotaklife.com/insurance-guide/about-life-insurance/life-insurance-retirment-plan"
"✅","Nov 28, 2024","2024-11-28","https://www.kotaklife.com/insurance-guide/about-life-insurance/life-insurance-vs-accidental-death-insurance"
"✅","Apr 15, 2025","2025-04-15","https://www.kotaklife.com/insurance-guide/about-life-insurance/life-insurance-vs-health-insurance"
"✅","Dec 04, 2024","2024-12-04","https://www.kotaklife.com/insurance-guide/about-life-insurance/life-insurance-vs-mutual-funds"
"✅","Apr 29, 2025","2025-04-29","https://www.kotaklife.com/insurance-guide/about-life-insurance/life-insurance-with-money-back-vs-without-money-back"
"✅","Apr 29, 2025","2025-04-29","https://www.kotaklife.com/insurance-guide/about-life-insurance/money-back-vs-endowment-policy"
"✅","Mar 13, 2025","2025-03-13","https://www.kotaklife.com/insurance-guide/about-life-insurance/mwp-act-in-insurance"
"✅","Nov 28, 2024","2024-11-28","https://www.kotaklife.com/insurance-guide/about-life-insurance/nominee-in-life-insurance-a-complete-guide"
"✅","Dec 04, 2024","2024-12-04","https://www.kotaklife.com/insurance-guide/about-life-insurance/nri-premium-payment-options"
"✅","Aug 02, 2024","2024-08-02","https://www.kotaklife.com/insurance-guide/about-life-insurance/postal-life-insurance"